objectid,title,creator,author,date,display_date,description,subject,relation,location,latitude,longitude,source,youtube_url,type,format,filename,youtubeid
hipertexto_1,Hipertexto 1- Muestra Fotográfica Filminuto. Un Entorno Por Conocer.,Rafael Ayala Saénz,Estudiantes de tercer semestre para la catedra de semiología,2009-11,noviembre de 2009,Video de memorias fotográficas en blanco y negro realizado por estudiantes de tercer semestre como parte del curso de semiótica y semiología dictado por Rafael Ayala Sáenz en la Fundación Universidad Libertadores.,Memorias fotográficas; Muestra fotográfica; Rafael Ayala Sáenz; Catedra de semiología; Fundación Universitaria los Libertadores; Muestra fotográfica en blanco y negro; Filminuto,,"Bogotá, Colombia","47,125,798","-74,085,045",Fundación Universitaria Los Libertadores,https://youtu.be/CDO3Aqsy9TY,MovingImage,video/mp4,hipertexto_1.mp4,CDO3Aqsy9TY
hipertexto_2,"Hipertexto 2 - Muestra Fotográfica Filminuto. ¿Y Tú, A Quién Adoras?",Rafael Ayala Saénz,Estudiantes de tercer semestre para la catedra de semiología,2009-11,noviembre de 2009,Video de memorias fotográficas en blanco y negro realizado por estudiantes de tercer semestre como parte del curso de semiótica y semiología dictado por Rafael Ayala Sáenz en la Fundación Universidad Libertadores.,Memorias fotográficas; Muestra fotográfica; Rafael Ayala Sáenz; Catedra de semiología; Fundación Universitaria los Libertadores; Muestra fotográfica en blanco y negro; Filminuto,,"Bogotá, Colombia","47,125,798","-74,085,045",Fundación Universitaria Los Libertadores,https://youtu.be/O_O51AXCnxU,MovingImage,video/mp4,hipertexto_2.mp4,O_O51AXCnxU
hipertexto_3,Hipertexto 3- Muestra Fotográfica Filminuto. La Gota En El Espejo... Tu Rostro.,Rafael Ayala Saénz,Estudiantes de tercer semestre para la catedra de semiología,2009-11,noviembre de 2009,Video de memorias fotográficas en blanco y negro realizado por estudiantes de tercer semestre como parte del curso de semiótica y semiología dictado por Rafael Ayala Sáenz en la Fundación Universidad Libertadores.,Memorias fotográficas; Muestra fotográfica; Rafael Ayala Sáenz; Catedra de semiología; Fundación Universitaria los Libertadores; Muestra fotográfica en blanco y negro; Filminuto,,"Bogotá, Colombia","47,125,798","-74,085,045",Fundación Universitaria Los Libertadores,https://youtu.be/VuP5j7DHGOg,MovingImage,video/mp4,hipertexto_3.mp4,VuP5j7DHGOg
hipertexto_4,"Hipertexto 4- Muestra Fotográfica Filminuto. Viva La Vía, Sea Prudente.",Rafael Ayala Saénz,Estudiantes de tercer semestre para la catedra de semiología,2009-11,noviembre de 2009,Video de memorias fotográficas en blanco y negro realizado por estudiantes de tercer semestre como parte del curso de semiótica y semiología dictado por Rafael Ayala Sáenz en la Fundación Universidad Libertadores.,Memorias fotográficas; Muestra fotográfica; Rafael Ayala Sáenz; Catedra de semiología; Fundación Universitaria los Libertadores; Muestra fotográfica en blanco y negro; Filminuto,,"Bogotá, Colombia","47,125,798","-74,085,045",Fundación Universitaria Los Libertadores,https://youtu.be/fi2gEnluCXw,MovingImage,video/mp4,hipertexto_4.mp4,fi2gEnluCXw
hipertexto_5,Hipertexto 5 - Muestra Fotográfica Filminuto,Rafael Ayala Saénz,Estudiantes de tercer semestre para la catedra de semiología,2009-11,noviembre de 2009,Video de memorias fotográficas en blanco y negro realizado por estudiantes de tercer semestre como parte del curso de semiótica y semiología dictado por Rafael Ayala Sáenz en la Fundación Universidad Libertadores.,Memorias fotográficas; Muestra fotográfica; Rafael Ayala Sáenz; Catedra de semiología; Fundación Universitaria los Libertadores; Muestra fotográfica en blanco y negro; Filminuto,,"Bogotá, Colombia","47,125,798","-74,085,045",Fundación Universitaria Los Libertadores,https://youtu.be/D50ccAKkZy8,MovingImage,video/mp4,hipertexto_5.mp4,D50ccAKkZy8
hipertexto_6,Hipertexto 6 - Muestra Fotográfica Filminuto. En Busca De La Presencia Por Andrés Upegui Herrera,Rafael Ayala Saénz,Estudiantes de tercer semestre para la catedra de semiología,2009-11,noviembre de 2009,Video de memorias fotográficas en blanco y negro realizado por estudiantes de tercer semestre como parte del curso de semiótica y semiología dictado por Rafael Ayala Sáenz en la Fundación Universidad Libertadores.,Memorias fotográficas; Muestra fotográfica; Rafael Ayala Sáenz; Catedra de semiología; Fundación Universitaria los Libertadores; Muestra fotográfica en blanco y negro; Filminuto,,"Bogotá, Colombia","47,125,798","-74,085,045",Fundación Universitaria Los Libertadores,https://youtu.be/cOL9cgpa1VY,MovingImage,video/mp4,hipertexto_6.mp4,cOL9cgpa1VY
hipertexto_7,Hipertexto 7 - Muestra Fotográfica Filminuto,Rafael Ayala Saénz,Estudiantes de tercer semestre para la catedra de semiología,2009-11,noviembre de 2009,Video de memorias fotográficas en blanco y negro realizado por estudiantes de tercer semestre como parte del curso de semiótica y semiología dictado por Rafael Ayala Sáenz en la Fundación Universidad Libertadores.,Memorias fotográficas; Muestra fotográfica; Rafael Ayala Sáenz; Catedra de semiología; Fundación Universitaria los Libertadores; Muestra fotográfica en blanco y negro; Filminuto,,"Bogotá, Colombia","47,125,798","-74,085,045",Fundación Universitaria Los Libertadores,https://youtu.be/VqPSFXGZ628,MovingImage,video/mp4,hipertexto_7.mp4,VqPSFXGZ628
hipertexto_8,Hipertexto 8 - Muestra Fotográfica Filminuto. Clasificación De Los Animales.,Rafael Ayala Saénz,Estudiantes de tercer semestre para la catedra de semiología,2009-11,noviembre de 2009,Video de memorias fotográficas en blanco y negro realizado por estudiantes de tercer semestre como parte del curso de semiótica y semiología dictado por Rafael Ayala Sáenz en la Fundación Universidad Libertadores.,Memorias fotográficas; Muestra fotográfica; Rafael Ayala Sáenz; Catedra de semiología; Fundación Universitaria los Libertadores; Muestra fotográfica en blanco y negro; Filminuto,,"Bogotá, Colombia","47,125,798","-74,085,045",Fundación Universitaria Los Libertadores,https://youtu.be/dL4AEVCV7Io,MovingImage,video/mp4,hipertexto_8.mp4,dL4AEVCV7Io
hipertexto_9,Hipertexto 9 - Muestra Fotográfica Filminuto,Rafael Ayala Saénz,Estudiantes de tercer semestre para la catedra de semiología,2009-11,noviembre de 2009,Video de memorias fotográficas en blanco y negro realizado por estudiantes de tercer semestre como parte del curso de semiótica y semiología dictado por Rafael Ayala Sáenz en la Fundación Universidad Libertadores.,Memorias fotográficas; Muestra fotográfica; Rafael Ayala Sáenz; Catedra de semiología; Fundación Universitaria los Libertadores; Muestra fotográfica en blanco y negro; Filminuto,,"Bogotá, Colombia","47,125,798","-74,085,045",Fundación Universitaria Los Libertadores,https://youtu.be/UlD18dfyh5c,MovingImage,video/mp4,hipertexto_9.mp4,UlD18dfyh5c
hipertexto_10,Hipertexto 10 - Muestra Fotográfica Filminuto,Rafael Ayala Saénz,Estudiantes de tercer semestre para la catedra de semiología,2009-11,noviembre de 2009,Video de memorias fotográficas en blanco y negro realizado por estudiantes de tercer semestre como parte del curso de semiótica y semiología dictado por Rafael Ayala Sáenz en la Fundación Universidad Libertadores.,Memorias fotográficas; Muestra fotográfica; Rafael Ayala Sáenz; Catedra de semiología; Fundación Universitaria los Libertadores; Muestra fotográfica en blanco y negro; Filminuto,,"Bogotá, Colombia","47,125,798","-74,085,045",Fundación Universitaria Los Libertadores,https://youtu.be/cnMNMjx5JCM,MovingImage,video/mp4,hipertexto_10.mp4,cnMNMjx5JCM
hipertexto_11,Hipertexto 11- Muestra Fotográfica Filminuto,Rafael Ayala Saénz,Estudiantes de tercer semestre para la catedra de semiología,2009-11,noviembre de 2009,Video de memorias fotográficas en blanco y negro realizado por estudiantes de tercer semestre como parte del curso de semiótica y semiología dictado por Rafael Ayala Sáenz en la Fundación Universidad Libertadores.,Memorias fotográficas; Muestra fotográfica; Rafael Ayala Sáenz; Catedra de semiología; Fundación Universitaria los Libertadores; Muestra fotográfica en blanco y negro; Filminuto,,"Bogotá, Colombia","47,125,798","-74,085,045",Fundación Universitaria Los Libertadores,https://youtu.be/e8kkHiBs5RM,MovingImage,video/mp4,hipertexto_11.mp4,e8kkHiBs5RM
hipertexto_12,Hipertexto 12 - Muestra Fotográfica Filminuto. Play Station 2,Rafael Ayala Saénz,Estudiantes de tercer semestre para la catedra de semiología,2009-11,noviembre de 2009,Video de memorias fotográficas en blanco y negro realizado por estudiantes de tercer semestre como parte del curso de semiótica y semiología dictado por Rafael Ayala Sáenz en la Fundación Universidad Libertadores.,Memorias fotográficas; Muestra fotográfica; Rafael Ayala Sáenz; Catedra de semiología; Fundación Universitaria los Libertadores; Muestra fotográfica en blanco y negro; Filminuto,,"Bogotá, Colombia","47,125,798","-74,085,045",Fundación Universitaria Los Libertadores,https://youtu.be/ujTRQ7CHRJs,MovingImage,video/mp4,hipertexto_12.mp4,ujTRQ7CHRJs
hipertexto_13,Hipertexto 13 - Muestra Fotográfica Filminuto.,Rafael Ayala Saénz,Estudiantes de tercer semestre para la catedra de semiología,2009-11,noviembre de 2009,Video de memorias fotográficas en blanco y negro realizado por estudiantes de tercer semestre como parte del curso de semiótica y semiología dictado por Rafael Ayala Sáenz en la Fundación Universidad Libertadores.,Memorias fotográficas; Muestra fotográfica; Rafael Ayala Sáenz; Catedra de semiología; Fundación Universitaria los Libertadores; Muestra fotográfica en blanco y negro; Filminuto,,"Bogotá, Colombia","47,125,798","-74,085,045",Fundación Universitaria Los Libertadores,https://youtu.be/zmFqR7DrhXU,MovingImage,video/mp4,hipertexto_13.mp4,zmFqR7DrhXU
hipertexto_14,Hipertexto 14 - Muestra Fotográfica Filminuto. Quién Pena Por Tu Condena Por Leidy Alejandra Peñaloza Roa,Rafael Ayala Saénz,Estudiantes de tercer semestre para la catedra de semiología,2009-11,noviembre de 2009,Video de memorias fotográficas en blanco y negro realizado por estudiantes de tercer semestre como parte del curso de semiótica y semiología dictado por Rafael Ayala Sáenz en la Fundación Universidad Libertadores.,Memorias fotográficas; Muestra fotográfica; Rafael Ayala Sáenz; Catedra de semiología; Fundación Universitaria los Libertadores; Muestra fotográfica en blanco y negro; Filminuto,,"Bogotá, Colombia","47,125,798","-74,085,045",Fundación Universitaria Los Libertadores,https://youtu.be/xeRNyUx6XwY,MovingImage,video/mp4,hipertexto_14.mp4,xeRNyUx6XwY
hipertexto_15,Hipertexto 15 - Muestra Fotográfica Filminuto. Cuerpo,Rafael Ayala Saénz,Estudiantes de tercer semestre para la catedra de semiología,2009-11,noviembre de 2009,Video de memorias fotográficas en blanco y negro realizado por estudiantes de tercer semestre como parte del curso de semiótica y semiología dictado por Rafael Ayala Sáenz en la Fundación Universidad Libertadores.,Memorias fotográficas; Muestra fotográfica; Rafael Ayala Sáenz; Catedra de semiología; Fundación Universitaria los Libertadores; Muestra fotográfica en blanco y negro; Filminuto,,"Bogotá, Colombia","47,125,798","-74,085,045",Fundación Universitaria Los Libertadores,https://youtu.be/qVvma4DKKi0,MovingImage,video/mp4,hipertexto_15.mp4,qVvma4DKKi0
hipertexto_16,Hipertexto 16 - Muestra Fotográfica Filminuto.,Rafael Ayala Saénz,Estudiantes de tercer semestre para la catedra de semiología,2009-11,noviembre de 2009,Video de memorias fotográficas en blanco y negro realizado por estudiantes de tercer semestre como parte del curso de semiótica y semiología dictado por Rafael Ayala Sáenz en la Fundación Universidad Libertadores.,Memorias fotográficas; Muestra fotográfica; Rafael Ayala Sáenz; Catedra de semiología; Fundación Universitaria los Libertadores; Muestra fotográfica en blanco y negro; Filminuto,,"Bogotá, Colombia","47,125,798","-74,085,045",Fundación Universitaria Los Libertadores,https://youtu.be/jIDwciTgwtg,MovingImage,video/mp4,hipertexto_16.mp4,jIDwciTgwtg
hipertexto_17,Hipertexto 17 - Muestra Fotográfica Filminuto.,Rafael Ayala Saénz,Estudiantes de tercer semestre para la catedra de semiología,2009-11,noviembre de 2009,Video de memorias fotográficas en blanco y negro realizado por estudiantes de tercer semestre como parte del curso de semiótica y semiología dictado por Rafael Ayala Sáenz en la Fundación Universidad Libertadores.,Memorias fotográficas; Muestra fotográfica; Rafael Ayala Sáenz; Catedra de semiología; Fundación Universitaria los Libertadores; Muestra fotográfica en blanco y negro; Filminuto,,"Bogotá, Colombia","47,125,798","-74,085,045",Fundación Universitaria Los Libertadores,https://youtu.be/4deGP8p2U50,MovingImage,video/mp4,hipertexto_17.mp4,4deGP8p2U50
hipertexto_18,Hipertexto 18 - Muestra Fotográfica Filminuto.,Rafael Ayala Saénz,Estudiantes de tercer semestre para la catedra de semiología,2009-11,noviembre de 2009,Video de memorias fotográficas en blanco y negro realizado por estudiantes de tercer semestre como parte del curso de semiótica y semiología dictado por Rafael Ayala Sáenz en la Fundación Universidad Libertadores.,Memorias fotográficas; Muestra fotográfica; Rafael Ayala Sáenz; Catedra de semiología; Fundación Universitaria los Libertadores; Muestra fotográfica en blanco y negro; Filminuto,,"Bogotá, Colombia","47,125,798","-74,085,045",Fundación Universitaria Los Libertadores,https://youtu.be/lzNJHW-h944,MovingImage,video/mp4,hipertexto_18.mp4,lzNJHW-h944
hipertexto_19,Hipertexto 19 - Muestra Fotográfica Filminuto.,Rafael Ayala Saénz,Estudiantes de tercer semestre para la catedra de semiología,2009-11,noviembre de 2009,Video de memorias fotográficas en blanco y negro realizado por estudiantes de tercer semestre como parte del curso de semiótica y semiología dictado por Rafael Ayala Sáenz en la Fundación Universidad Libertadores.,Memorias fotográficas; Muestra fotográfica; Rafael Ayala Sáenz; Catedra de semiología; Fundación Universitaria los Libertadores; Muestra fotográfica en blanco y negro; Filminuto,,"Bogotá, Colombia","47,125,798","-74,085,045",Fundación Universitaria Los Libertadores,https://youtu.be/DrecsGk90dA,MovingImage,video/mp4,hipertexto_19.mp4,DrecsGk90dA
hipertexto_20,"Hipertexto 20 - Muestra Fotográfica Filminuto. Diversos Mundos, Un Solo Tiempo Por Angela Mayerly Ariza Perez",Rafael Ayala Saénz,Estudiantes de tercer semestre para la catedra de semiología,2009-11,noviembre de 2009,Video de memorias fotográficas en blanco y negro realizado por estudiantes de tercer semestre como parte del curso de semiótica y semiología dictado por Rafael Ayala Sáenz en la Fundación Universidad Libertadores.,Memorias fotográficas; Muestra fotográfica; Rafael Ayala Sáenz; Catedra de semiología; Fundación Universitaria los Libertadores; Muestra fotográfica en blanco y negro; Filminuto,,"Bogotá, Colombia","47,125,798","-74,085,045",Fundación Universitaria Los Libertadores,https://youtu.be/9XBOaJZxZoA,MovingImage,video/mp4,hipertexto_20.mp4,9XBOaJZxZoA
hipertexto_21,Hipertexto 21 - Muestra Fotográfica Filminuto.,Rafael Ayala Saénz,Estudiantes de tercer semestre para la catedra de semiología,2009-11,noviembre de 2009,Video de memorias fotográficas en blanco y negro realizado por estudiantes de tercer semestre como parte del curso de semiótica y semiología dictado por Rafael Ayala Sáenz en la Fundación Universidad Libertadores.,Memorias fotográficas; Muestra fotográfica; Rafael Ayala Sáenz; Catedra de semiología; Fundación Universitaria los Libertadores; Muestra fotográfica en blanco y negro; Filminuto,,"Bogotá, Colombia","47,125,798","-74,085,045",Fundación Universitaria Los Libertadores,https://youtu.be/BKJ6GUdT9HE,MovingImage,video/mp4,hipertexto_21.mp4,BKJ6GUdT9HE
hipertexto_22,Hipertexto 22 - Muestra Fotográfica Filminuto. El Juicio Final,Rafael Ayala Saénz,Estudiantes de tercer semestre para la catedra de semiología,2009-11,noviembre de 2009,Video de memorias fotográficas en blanco y negro realizado por estudiantes de tercer semestre como parte del curso de semiótica y semiología dictado por Rafael Ayala Sáenz en la Fundación Universidad Libertadores.,Memorias fotográficas; Muestra fotográfica; Rafael Ayala Sáenz; Catedra de semiología; Fundación Universitaria los Libertadores; Muestra fotográfica en blanco y negro; Filminuto,,"Bogotá, Colombia","47,125,798","-74,085,045",Fundación Universitaria Los Libertadores,https://youtu.be/mEpFc9ylNEY,MovingImage,video/mp4,hipertexto_22.mp4,mEpFc9ylNEY
hipertexto_23,Hipertexto 23 - Muestra Fotográfica Filminuto. El Territorio Es Por Donde Se Pasea El Pensamiento Y La Memoria Por Viviana Roa Lozano,Rafael Ayala Saénz,Estudiantes de tercer semestre para la catedra de semiología,2009-11,noviembre de 2009,Video de memorias fotográficas en blanco y negro realizado por estudiantes de tercer semestre como parte del curso de semiótica y semiología dictado por Rafael Ayala Sáenz en la Fundación Universidad Libertadores.,Memorias fotográficas; Muestra fotográfica; Rafael Ayala Sáenz; Catedra de semiología; Fundación Universitaria los Libertadores; Muestra fotográfica en blanco y negro; Filminuto,,"Bogotá, Colombia","47,125,798","-74,085,045",Fundación Universitaria Los Libertadores,https://youtu.be/-ayo8eNW-kU,MovingImage,video/mp4,hipertexto_23.mp4,-ayo8eNW-kU
hipertexto_24,Hipertexto 24 - Muestra Fotográfica Filminuto. Emociones A Través De Los Gestos Por Karol Español,Rafael Ayala Saénz,Estudiantes de tercer semestre para la catedra de semiología,2009-11,noviembre de 2009,Video de memorias fotográficas en blanco y negro realizado por estudiantes de tercer semestre como parte del curso de semiótica y semiología dictado por Rafael Ayala Sáenz en la Fundación Universidad Libertadores.,Memorias fotográficas; Muestra fotográfica; Rafael Ayala Sáenz; Catedra de semiología; Fundación Universitaria los Libertadores; Muestra fotográfica en blanco y negro; Filminuto,,"Bogotá, Colombia","47,125,798","-74,085,045",Fundación Universitaria Los Libertadores,https://youtu.be/rGO8ZbEw4HU,MovingImage,video/mp4,hipertexto_24.mp4,rGO8ZbEw4HU
hipertexto_25,Hipertexto 25 - Muestra Fotográfica Filminuto. Representación Del Alma,Rafael Ayala Saénz,Estudiantes de tercer semestre para la catedra de semiología,2009-11,noviembre de 2009,Video de memorias fotográficas en blanco y negro realizado por estudiantes de tercer semestre como parte del curso de semiótica y semiología dictado por Rafael Ayala Sáenz en la Fundación Universidad Libertadores.,Memorias fotográficas; Muestra fotográfica; Rafael Ayala Sáenz; Catedra de semiología; Fundación Universitaria los Libertadores; Muestra fotográfica en blanco y negro; Filminuto,,"Bogotá, Colombia","47,125,798","-74,085,045",Fundación Universitaria Los Libertadores,https://youtu.be/0ftTPHjYxp4,MovingImage,video/mp4,hipertexto_25.mp4,0ftTPHjYxp4
hipertexto_26,Hipertexto 26 - Muestra Fotográfica Filminuto.,Rafael Ayala Saénz,Estudiantes de tercer semestre para la catedra de semiología,2009-11,noviembre de 2009,Video de memorias fotográficas en blanco y negro realizado por estudiantes de tercer semestre como parte del curso de semiótica y semiología dictado por Rafael Ayala Sáenz en la Fundación Universidad Libertadores.,Memorias fotográficas; Muestra fotográfica; Rafael Ayala Sáenz; Catedra de semiología; Fundación Universitaria los Libertadores; Muestra fotográfica en blanco y negro; Filminuto,,"Bogotá, Colombia","47,125,798","-74,085,045",Fundación Universitaria Los Libertadores,https://youtu.be/fQguoGEkuqg,MovingImage,video/mp4,hipertexto_26.mp4,fQguoGEkuqg
hipertexto_27,Hipertexto 27 - Muestra Fotográfica Filminuto. Tolueno. Escencia Hip Hop Por Nazly Julieth Ipuz Garzón,Rafael Ayala Saénz,Estudiantes de tercer semestre para la catedra de semiología,2009-11,noviembre de 2009,Video de memorias fotográficas en blanco y negro realizado por estudiantes de tercer semestre como parte del curso de semiótica y semiología dictado por Rafael Ayala Sáenz en la Fundación Universidad Libertadores.,Memorias fotográficas; Muestra fotográfica; Rafael Ayala Sáenz; Catedra de semiología; Fundación Universitaria los Libertadores; Muestra fotográfica en blanco y negro; Filminuto,,"Bogotá, Colombia","47,125,798","-74,085,045",Fundación Universitaria Los Libertadores,https://youtu.be/HdWbIdsCGRU,MovingImage,video/mp4,hipertexto_27.mp4,HdWbIdsCGRU
hipertexto_28,Hipertexto 28 - Muestra Fotográfica Filminuto.,Rafael Ayala Saénz,Estudiantes de tercer semestre para la catedra de semiología,2009-11,noviembre de 2009,Video de memorias fotográficas en blanco y negro realizado por estudiantes de tercer semestre como parte del curso de semiótica y semiología dictado por Rafael Ayala Sáenz en la Fundación Universidad Libertadores.,Memorias fotográficas; Muestra fotográfica; Rafael Ayala Sáenz; Catedra de semiología; Fundación Universitaria los Libertadores; Muestra fotográfica en blanco y negro; Filminuto,,"Bogotá, Colombia","47,125,798","-74,085,045",Fundación Universitaria Los Libertadores,https://youtu.be/m-pVytrsIPc,MovingImage,video/mp4,hipertexto_28.mp4,m-pVytrsIPc
hipertexto_29,Hipertexto 29 - Muestra Fotográfica Filminuto. Construcción De Un Color Inventado,Rafael Ayala Saénz,Estudiantes de tercer semestre para la catedra de semiología,2009-11,noviembre de 2009,Video de memorias fotográficas en blanco y negro realizado por estudiantes de tercer semestre como parte del curso de semiótica y semiología dictado por Rafael Ayala Sáenz en la Fundación Universidad Libertadores.,Memorias fotográficas; Muestra fotográfica; Rafael Ayala Sáenz; Catedra de semiología; Fundación Universitaria los Libertadores; Muestra fotográfica en blanco y negro; Filminuto,,"Bogotá, Colombia","47,125,798","-74,085,045",Fundación Universitaria Los Libertadores,https://youtu.be/IAHXglEMnBc,MovingImage,video/mp4,hipertexto_29.mp4,IAHXglEMnBc
hipertexto_30,Hipertexto 30 - Muestra Fotográfica Filminuto.,Rafael Ayala Saénz,Estudiantes de tercer semestre para la catedra de semiología,2009-11,noviembre de 2009,Video de memorias fotográficas en blanco y negro realizado por estudiantes de tercer semestre como parte del curso de semiótica y semiología dictado por Rafael Ayala Sáenz en la Fundación Universidad Libertadores.,Memorias fotográficas; Muestra fotográfica; Rafael Ayala Sáenz; Catedra de semiología; Fundación Universitaria los Libertadores; Muestra fotográfica en blanco y negro; Filminuto,,"Bogotá, Colombia","47,125,798","-74,085,045",Fundación Universitaria Los Libertadores,https://youtu.be/8jzPVZVT_-k,MovingImage,video/mp4,hipertexto_30.mp4,8jzPVZVT_-k
hipertexto_31,Hipertexto 31 - Muestra Fotográfica Filminuto. ¿Indiferencia? ¡Jamás!,Rafael Ayala Saénz,Estudiantes de tercer semestre para la catedra de semiología,2009-11,noviembre de 2009,Video de memorias fotográficas en blanco y negro realizado por estudiantes de tercer semestre como parte del curso de semiótica y semiología dictado por Rafael Ayala Sáenz en la Fundación Universidad Libertadores.,Memorias fotográficas; Muestra fotográfica; Rafael Ayala Sáenz; Catedra de semiología; Fundación Universitaria los Libertadores; Muestra fotográfica en blanco y negro; Filminuto,,"Bogotá, Colombia","47,125,798","-74,085,045",Fundación Universitaria Los Libertadores,https://youtu.be/Moj9-Bnks8g,MovingImage,video/mp4,hipertexto_31.mp4,Moj9-Bnks8g
hipertexto_32,Hipertexto 32 - Muestra Fotográfica Filminuto.,Rafael Ayala Saénz,Estudiantes de tercer semestre para la catedra de semiología,2009-11,noviembre de 2009,Video de memorias fotográficas en blanco y negro realizado por estudiantes de tercer semestre como parte del curso de semiótica y semiología dictado por Rafael Ayala Sáenz en la Fundación Universidad Libertadores.,Memorias fotográficas; Muestra fotográfica; Rafael Ayala Sáenz; Catedra de semiología; Fundación Universitaria los Libertadores; Muestra fotográfica en blanco y negro; Filminuto,,"Bogotá, Colombia","47,125,798","-74,085,045",Fundación Universitaria Los Libertadores,https://youtu.be/MHQEzY4VnxQ,MovingImage,video/mp4,hipertexto_32.mp4,MHQEzY4VnxQ
hipertexto_33,Hipertexto 33 - Muestra Fotográfica Filminuto. La Ilusión Que Devora El Alma,Rafael Ayala Saénz,Estudiantes de tercer semestre para la catedra de semiología,2009-11,noviembre de 2009,Video de memorias fotográficas en blanco y negro realizado por estudiantes de tercer semestre como parte del curso de semiótica y semiología dictado por Rafael Ayala Sáenz en la Fundación Universidad Libertadores.,Memorias fotográficas; Muestra fotográfica; Rafael Ayala Sáenz; Catedra de semiología; Fundación Universitaria los Libertadores; Muestra fotográfica en blanco y negro; Filminuto,,"Bogotá, Colombia","47,125,798","-74,085,045",Fundación Universitaria Los Libertadores,https://youtu.be/sxVFaW-Vdgo,MovingImage,video/mp4,hipertexto_33.mp4,sxVFaW-Vdgo
hipertexto_34,Hipertexto 34 - Muestra Fotográfica Filminuto. El Patito Feo,Rafael Ayala Saénz,Estudiantes de tercer semestre para la catedra de semiología,2009-11,noviembre de 2009,Video de memorias fotográficas en blanco y negro realizado por estudiantes de tercer semestre como parte del curso de semiótica y semiología dictado por Rafael Ayala Sáenz en la Fundación Universidad Libertadores.,Memorias fotográficas; Muestra fotográfica; Rafael Ayala Sáenz; Catedra de semiología; Fundación Universitaria los Libertadores; Muestra fotográfica en blanco y negro; Filminuto,,"Bogotá, Colombia","47,125,798","-74,085,045",Fundación Universitaria Los Libertadores,https://youtu.be/ALXCwUgIprM,MovingImage,video/mp4,hipertexto_34.mp4,ALXCwUgIprM
hipertexto_35,Hipertexto 35 - Muestra Fotográfica Filminuto.,Rafael Ayala Saénz,Estudiantes de tercer semestre para la catedra de semiología,2009-11,noviembre de 2009,Video de memorias fotográficas en blanco y negro realizado por estudiantes de tercer semestre como parte del curso de semiótica y semiología dictado por Rafael Ayala Sáenz en la Fundación Universidad Libertadores.,Memorias fotográficas; Muestra fotográfica; Rafael Ayala Sáenz; Catedra de semiología; Fundación Universitaria los Libertadores; Muestra fotográfica en blanco y negro; Filminuto,,"Bogotá, Colombia","47,125,798","-74,085,045",Fundación Universitaria Los Libertadores,https://youtu.be/iDSMS2sHy0k,MovingImage,video/mp4,hipertexto_35.mp4,iDSMS2sHy0k
hipertexto_36,Hipertexto 36 - Muestra Fotográfica Filminuto. Vida Canina Por Carolina Rodríguez Gonzalez,Rafael Ayala Saénz,Estudiantes de tercer semestre para la catedra de semiología,2009-11,noviembre de 2009,Video de memorias fotográficas en blanco y negro realizado por estudiantes de tercer semestre como parte del curso de semiótica y semiología dictado por Rafael Ayala Sáenz en la Fundación Universidad Libertadores.,Memorias fotográficas; Muestra fotográfica; Rafael Ayala Sáenz; Catedra de semiología; Fundación Universitaria los Libertadores; Muestra fotográfica en blanco y negro; Filminuto,,"Bogotá, Colombia","47,125,798","-74,085,045",Fundación Universitaria Los Libertadores,https://youtu.be/0P_RC4Dp_bE,MovingImage,video/mp4,hipertexto_36.mp4,0P_RC4Dp_bE
hipertexto_37,Hipertexto 37 - Muestra Fotográfica Filminuto. Las Etapas De La Vida Por Paola Garzón,Rafael Ayala Saénz,Estudiantes de tercer semestre para la catedra de semiología,2009-11,noviembre de 2009,Video de memorias fotográficas en blanco y negro realizado por estudiantes de tercer semestre como parte del curso de semiótica y semiología dictado por Rafael Ayala Sáenz en la Fundación Universidad Libertadores.,Memorias fotográficas; Muestra fotográfica; Rafael Ayala Sáenz; Catedra de semiología; Fundación Universitaria los Libertadores; Muestra fotográfica en blanco y negro; Filminuto,,"Bogotá, Colombia","47,125,798","-74,085,045",Fundación Universitaria Los Libertadores,https://youtu.be/nEN6bxRFXus,MovingImage,video/mp4,hipertexto_37.mp4,nEN6bxRFXus
hipertexto_38,Hipertexto 38 - Muestra Fotográfica Filminuto. Las Manos En Los Cotidiano Por Johana Rojas,Rafael Ayala Saénz,Estudiantes de tercer semestre para la catedra de semiología,2009-11,noviembre de 2009,Video de memorias fotográficas en blanco y negro realizado por estudiantes de tercer semestre como parte del curso de semiótica y semiología dictado por Rafael Ayala Sáenz en la Fundación Universidad Libertadores.,Memorias fotográficas; Muestra fotográfica; Rafael Ayala Sáenz; Catedra de semiología; Fundación Universitaria los Libertadores; Muestra fotográfica en blanco y negro; Filminuto,,"Bogotá, Colombia","47,125,798","-74,085,045",Fundación Universitaria Los Libertadores,https://youtu.be/ZEBGotkb9Qw,MovingImage,video/mp4,hipertexto_38.mp4,ZEBGotkb9Qw
hipertexto_39,Hipertexto 39 - Muestra Fotográfica Filminuto. Este Es Un Tributo A Los Que Empezaron El Movimiento Del Graffiti En Bogotá,Rafael Ayala Saénz,Estudiantes de tercer semestre para la catedra de semiología,2009-11,noviembre de 2009,Video de memorias fotográficas en blanco y negro realizado por estudiantes de tercer semestre como parte del curso de semiótica y semiología dictado por Rafael Ayala Sáenz en la Fundación Universidad Libertadores.,Memorias fotográficas; Muestra fotográfica; Rafael Ayala Sáenz; Catedra de semiología; Fundación Universitaria los Libertadores; Muestra fotográfica en blanco y negro; Filminuto,,"Bogotá, Colombia","47,125,798","-74,085,045",Fundación Universitaria Los Libertadores,https://youtu.be/tPEjWW_Hnh0,MovingImage,video/mp4,hipertexto_39.mp4,tPEjWW_Hnh0
hipertexto_40,Hipertexto 40 - Muestra Fotográfica Filminuto.,Rafael Ayala Saénz,Estudiantes de tercer semestre para la catedra de semiología,2009-11,noviembre de 2009,Video de memorias fotográficas en blanco y negro realizado por estudiantes de tercer semestre como parte del curso de semiótica y semiología dictado por Rafael Ayala Sáenz en la Fundación Universidad Libertadores.,Memorias fotográficas; Muestra fotográfica; Rafael Ayala Sáenz; Catedra de semiología; Fundación Universitaria los Libertadores; Muestra fotográfica en blanco y negro; Filminuto,,"Bogotá, Colombia","47,125,798","-74,085,045",Fundación Universitaria Los Libertadores,https://youtu.be/aolbF96PYtg,MovingImage,video/mp4,hipertexto_40.mp4,aolbF96PYtg
hipertexto_41,Hipertexto 41 - Muestra Fotográfica Filminuto.,Rafael Ayala Saénz,Estudiantes de tercer semestre para la catedra de semiología,2009-11,noviembre de 2009,Video de memorias fotográficas en blanco y negro realizado por estudiantes de tercer semestre como parte del curso de semiótica y semiología dictado por Rafael Ayala Sáenz en la Fundación Universidad Libertadores.,Memorias fotográficas; Muestra fotográfica; Rafael Ayala Sáenz; Catedra de semiología; Fundación Universitaria los Libertadores; Muestra fotográfica en blanco y negro; Filminuto,,"Bogotá, Colombia","47,125,798","-74,085,045",Fundación Universitaria Los Libertadores,https://youtu.be/c5XJ7-wGNSQ,MovingImage,video/mp4,hipertexto_41.mp4,c5XJ7-wGNSQ
hipertexto_42,Hipertexto 42 - Muestra Fotográfica Filminuto. Momentos Mágicos Con Las Pequeñas Cosas De La Vida,Rafael Ayala Saénz,Estudiantes de tercer semestre para la catedra de semiología,2009-11,noviembre de 2009,Video de memorias fotográficas en blanco y negro realizado por estudiantes de tercer semestre como parte del curso de semiótica y semiología dictado por Rafael Ayala Sáenz en la Fundación Universidad Libertadores.,Memorias fotográficas; Muestra fotográfica; Rafael Ayala Sáenz; Catedra de semiología; Fundación Universitaria los Libertadores; Muestra fotográfica en blanco y negro; Filminuto,,"Bogotá, Colombia","47,125,798","-74,085,045",Fundación Universitaria Los Libertadores,https://youtu.be/bsUEEtVsRmQ,MovingImage,video/mp4,hipertexto_42.mp4,bsUEEtVsRmQ
hipertexto_43,Hipertexto 43 - Muestra Fotográfica Filminuto.,Rafael Ayala Saénz,Estudiantes de tercer semestre para la catedra de semiología,2009-11,noviembre de 2009,Video de memorias fotográficas en blanco y negro realizado por estudiantes de tercer semestre como parte del curso de semiótica y semiología dictado por Rafael Ayala Sáenz en la Fundación Universidad Libertadores.,Memorias fotográficas; Muestra fotográfica; Rafael Ayala Sáenz; Catedra de semiología; Fundación Universitaria los Libertadores; Muestra fotográfica en blanco y negro; Filminuto,,"Bogotá, Colombia","47,125,798","-74,085,045",Fundación Universitaria Los Libertadores,https://youtu.be/1R5AGCEjPH0,MovingImage,video/mp4,hipertexto_43.mp4,1R5AGCEjPH0
hipertexto_44,Hipertexto 44 - Muestra Fotográfica Filminuto. No M4Ltr4Tes A Tus Hijos,Rafael Ayala Saénz,Estudiantes de tercer semestre para la catedra de semiología,2009-11,noviembre de 2009,Video de memorias fotográficas en blanco y negro realizado por estudiantes de tercer semestre como parte del curso de semiótica y semiología dictado por Rafael Ayala Sáenz en la Fundación Universidad Libertadores.,Memorias fotográficas; Muestra fotográfica; Rafael Ayala Sáenz; Catedra de semiología; Fundación Universitaria los Libertadores; Muestra fotográfica en blanco y negro; Filminuto,,"Bogotá, Colombia","47,125,798","-74,085,045",Fundación Universitaria Los Libertadores,https://youtu.be/GGiKswOxHAU,MovingImage,video/mp4,hipertexto_44.mp4,GGiKswOxHAU
hipertexto_45,Hipertexto 45 - Muestra Fotográfica Filminuto.,Rafael Ayala Saénz,Estudiantes de tercer semestre para la catedra de semiología,2009-11,noviembre de 2009,Video de memorias fotográficas en blanco y negro realizado por estudiantes de tercer semestre como parte del curso de semiótica y semiología dictado por Rafael Ayala Sáenz en la Fundación Universidad Libertadores.,Memorias fotográficas; Muestra fotográfica; Rafael Ayala Sáenz; Catedra de semiología; Fundación Universitaria los Libertadores; Muestra fotográfica en blanco y negro; Filminuto,,"Bogotá, Colombia","47,125,798","-74,085,045",Fundación Universitaria Los Libertadores,https://youtu.be/k5yqAKhidxo,MovingImage,video/mp4,hipertexto_45.mp4,k5yqAKhidxo
hipertexto_46,Hipertexto 46 - Muestra Fotográfica Filminuto.,Rafael Ayala Saénz,Estudiantes de tercer semestre para la catedra de semiología,2009-11,noviembre de 2009,Video de memorias fotográficas en blanco y negro realizado por estudiantes de tercer semestre como parte del curso de semiótica y semiología dictado por Rafael Ayala Sáenz en la Fundación Universidad Libertadores.,Memorias fotográficas; Muestra fotográfica; Rafael Ayala Sáenz; Catedra de semiología; Fundación Universitaria los Libertadores; Muestra fotográfica en blanco y negro; Filminuto,,"Bogotá, Colombia","47,125,798","-74,085,045",Fundación Universitaria Los Libertadores,https://youtu.be/dSEp9Zh2Z_s,MovingImage,video/mp4,hipertexto_46.mp4,dSEp9Zh2Z_s
hipertexto_47,Hipertexto 47 - Muestra Fotográfica Filminuto.,Rafael Ayala Saénz,Estudiantes de tercer semestre para la catedra de semiología,2009-11,noviembre de 2009,Video de memorias fotográficas en blanco y negro realizado por estudiantes de tercer semestre como parte del curso de semiótica y semiología dictado por Rafael Ayala Sáenz en la Fundación Universidad Libertadores.,Memorias fotográficas; Muestra fotográfica; Rafael Ayala Sáenz; Catedra de semiología; Fundación Universitaria los Libertadores; Muestra fotográfica en blanco y negro; Filminuto,,"Bogotá, Colombia","47,125,798","-74,085,045",Fundación Universitaria Los Libertadores,https://youtu.be/GLwFLFAJ8F8,MovingImage,video/mp4,hipertexto_47.mp4,GLwFLFAJ8F8
hipertexto_48,Hipertexto 48 - Muestra Fotográfica Filminuto.,Rafael Ayala Saénz,Estudiantes de tercer semestre para la catedra de semiología,2009-11,noviembre de 2009,Video de memorias fotográficas en blanco y negro realizado por estudiantes de tercer semestre como parte del curso de semiótica y semiología dictado por Rafael Ayala Sáenz en la Fundación Universidad Libertadores.,Memorias fotográficas; Muestra fotográfica; Rafael Ayala Sáenz; Catedra de semiología; Fundación Universitaria los Libertadores; Muestra fotográfica en blanco y negro; Filminuto,,"Bogotá, Colombia","47,125,798","-74,085,045",Fundación Universitaria Los Libertadores,https://youtu.be/eYrse-Cnv3k,MovingImage,video/mp4,hipertexto_48.mp4,eYrse-Cnv3k
hipertexto_49,Hipertexto 49 - Muestra Fotográfica Filminuto.,Rafael Ayala Saénz,Estudiantes de tercer semestre para la catedra de semiología,2009-11,noviembre de 2009,Video de memorias fotográficas en blanco y negro realizado por estudiantes de tercer semestre como parte del curso de semiótica y semiología dictado por Rafael Ayala Sáenz en la Fundación Universidad Libertadores.,Memorias fotográficas; Muestra fotográfica; Rafael Ayala Sáenz; Catedra de semiología; Fundación Universitaria los Libertadores; Muestra fotográfica en blanco y negro; Filminuto,,"Bogotá, Colombia","47,125,798","-74,085,045",Fundación Universitaria Los Libertadores,https://youtu.be/pfrRMPf60Go,MovingImage,video/mp4,hipertexto_49.mp4,pfrRMPf60Go
hipertexto_50,Hipertexto 50 - Muestra Fotográfica Filminuto.,Rafael Ayala Saénz,Estudiantes de tercer semestre para la catedra de semiología,2009-11,noviembre de 2009,Video de memorias fotográficas en blanco y negro realizado por estudiantes de tercer semestre como parte del curso de semiótica y semiología dictado por Rafael Ayala Sáenz en la Fundación Universidad Libertadores.,Memorias fotográficas; Muestra fotográfica; Rafael Ayala Sáenz; Catedra de semiología; Fundación Universitaria los Libertadores; Muestra fotográfica en blanco y negro; Filminuto,,"Bogotá, Colombia","47,125,798","-74,085,045",Fundación Universitaria Los Libertadores,https://youtu.be/bOPEb1Q_pBw,MovingImage,video/mp4,hipertexto_50.mp4,bOPEb1Q_pBw
41_losnolugares_1,Los NO lugares de la independencia en el marco del Bicentenario - Parte 1,Rafael Ayala Saénz,Estudiantes de tercer semestre para la catedra de semiología,2010-5,mayo de 2010,"Muestra fotográfica en blanco y negro por estudiantes de 3 semestre, catedra de semiología dictada por Rafael Ayala Sáenz en la Fundación Universitaria los Libertadores. Mayo 2010.",Memorias fotográficas; Muestra fotográfica; Rafael Ayala Sáenz; Catedra de semiología; Fundación Universitaria los Libertadores; Muestra fotográfica en blanco y negro; Filminuto,,"Bogotá, Colombia","47,125,798","-74,085,045",Fundación Universitaria Los Libertadores,https://youtu.be/WsfNBFrooYM,MovingImage,video/mp4,41_losnolugares_1.mp4,WsfNBFrooYM
41_losnolugares_2,Los NO lugares de la independencia en el marco del Bicentenario - Parte 2,Rafael Ayala Saénz,Estudiantes de tercer semestre para la catedra de semiología,2010-5,mayo de 2010,"Muestra fotográfica en blanco y negro por estudiantes de 3 semestre, catedra de semiología dictada por Rafael Ayala Sáenz en la Fundación Universitaria los Libertadores. Mayo 2010.",Memorias fotográficas; Muestra fotográfica; Rafael Ayala Sáenz; Catedra de semiología; Fundación Universitaria los Libertadores; Muestra fotográfica en blanco y negro; Filminuto,,"Bogotá, Colombia","47,125,798","-74,085,045",Fundación Universitaria Los Libertadores,https://youtu.be/9cz0Xbv2MVw,MovingImage,video/mp4,41_losnolugares_2.mp4,9cz0Xbv2MVw
43_parquesbogota,Parques de Bogotá,Rafael Ayala Saénz,Estudiantes de tercer semestre para la catedra de semiología,2011-5,mayo de 2011,"Muestra fotográfica en blanco y negro por estudiantes de 3 semestre, catedra de semiología dictada por Rafael Ayala Sáenz en la Fundación Universitaria los Libertadores. Mayo 2011",Memorias fotográficas; Muestra fotográfica; Rafael Ayala Sáenz; Catedra de semiología; Fundación Universitaria los Libertadores; Muestra fotográfica en blanco y negro; Filminuto,,"Bogotá, Colombia","47,125,798","-74,085,045",Fundación Universitaria Los Libertadores,https://youtu.be/q60WNToDmmM,MovingImage,video/mp4,43_parquesbogota_1.mp4,q60WNToDmmM
45_clasicosdelaprovincia_1,Clásicos De La Provincia - Parte 1,Rafael Ayala Saénz,Estudiantes de tercer semestre para la catedra de semiología,2010-5,mayo de 2010,"Muestra fotográfica en blanco y negro por estudiantes de 3 semestre, catedra de semiología dictada por Rafael Ayala Sáenz en la Fundación Universitaria los Libertadores. Mayo 2010.",Memorias fotográficas; Muestra fotográfica; Rafael Ayala Sáenz; Catedra de semiología; Fundación Universitaria los Libertadores; Muestra fotográfica en blanco y negro; Filminuto,,"Bogotá, Colombia","47,125,798","-74,085,045",Fundación Universitaria Los Libertadores,https://youtu.be/9cz0Xbv2MVw,MovingImage,video/mp4,45_clasicosdelaprovincia_1.mp4,9cz0Xbv2MVw
45_clasicosdelaprovincia_2,Clásicos De La Provincia - Parte 2,Rafael Ayala Saénz,Estudiantes de tercer semestre para la catedra de semiología,2010-5,mayo de 2010,"Muestra fotográfica en blanco y negro por estudiantes de 3 semestre, catedra de semiología dictada por Rafael Ayala Sáenz en la Fundación Universitaria los Libertadores. Mayo 2010.",Memorias fotográficas; Muestra fotográfica; Rafael Ayala Sáenz; Catedra de semiología; Fundación Universitaria los Libertadores; Muestra fotográfica en blanco y negro; Filminuto,,"Bogotá, Colombia","47,125,798","-74,085,045",Fundación Universitaria Los Libertadores,https://youtu.be/qufroUQ6I_8,MovingImage,video/mp4,45_clasicosdelaprovincia_2.mp4,qufroUQ6I_8
elcircoenlaciudad_1,El circo en la ciudad - Parte 1,Rafael Ayala Saénz,Estudiantes de tercer semestre para la catedra de semiología,2010-5,mayo de 2010,"Muestra fotográfica en blanco y negro por estudiantes de 3 semestre, catedra de semiología dictada por Rafael Ayala Sáenz en la Fundación Universitaria los Libertadores. Mayo 2010.",Memorias fotográficas; Muestra fotográfica; Rafael Ayala Sáenz; Catedra de semiología; Fundación Universitaria los Libertadores; Muestra fotográfica en blanco y negro; Filminuto,,"Bogotá, Colombia","47,125,798","-74,085,045",Fundación Universitaria Los Libertadores,https://youtu.be/WvDRmbsXdOI,MovingImage,video/mp4,elcircoenlaciudad_1.mp4,WvDRmbsXdOI
elcircoenlaciudad_2,El circo en la ciudad - Parte 2,Rafael Ayala Saénz,Estudiantes de tercer semestre para la catedra de semiología,2010-5,mayo de 2010,"Muestra fotográfica en blanco y negro por estudiantes de 3 semestre, catedra de semiología dictada por Rafael Ayala Sáenz en la Fundación Universitaria los Libertadores. Mayo 2010.",Memorias fotográficas; Muestra fotográfica; Rafael Ayala Sáenz; Catedra de semiología; Fundación Universitaria los Libertadores; Muestra fotográfica en blanco y negro; Filminuto,,"Bogotá, Colombia","47,125,798","-74,085,045",Fundación Universitaria Los Libertadores,https://youtu.be/OopOs6K3jGo,MovingImage,video/mp4,elcircoenlaciudad_2.mp4,OopOs6K3jGo
esculturayformasdelespacio_1,Escultura y Formas del Espacio - Parte 1,Rafael Ayala Saénz,Estudiantes de tercer semestre para la catedra de semiología,2010-5,mayo de 2010,"Muestra fotográfica en blanco y negro por estudiantes de 3 semestre, catedra de semiología dictada por Rafael Ayala Sáenz en la Fundación Universitaria los Libertadores. Mayo 2010.",Memorias fotográficas; Muestra fotográfica; Rafael Ayala Sáenz; Catedra de semiología; Fundación Universitaria los Libertadores; Muestra fotográfica en blanco y negro; Filminuto,,"Bogotá, Colombia","47,125,798","-74,085,045",Fundación Universitaria Los Libertadores,https://youtu.be/jJ53JupnX-U,MovingImage,video/mp4,esculturayformasdelespacio_1.mp4,jJ53JupnX-U
esculturayformasdelespacio_2,Escultura y Formas del Espacio - Parte 2,Rafael Ayala Saénz,Estudiantes de tercer semestre para la catedra de semiología,2010-5,mayo de 2010,"Muestra fotográfica en blanco y negro por estudiantes de 3 semestre, catedra de semiología dictada por Rafael Ayala Sáenz en la Fundación Universitaria los Libertadores. Mayo 2010.",Memorias fotográficas; Muestra fotográfica; Rafael Ayala Sáenz; Catedra de semiología; Fundación Universitaria los Libertadores; Muestra fotográfica en blanco y negro; Filminuto,,"Bogotá, Colombia","47,125,798","-74,085,045",Fundación Universitaria Los Libertadores,https://youtu.be/myZphU4xQsk,MovingImage,video/mp4,esculturayformasdelespacio_2.mp4,myZphU4xQsk
anaparra_culturaestudiantil,Cultura estudiantil - Ana Parra,Rafael Ayala Saénz,Estudiantes de tercer semestre para la catedra de semiología,2010-6,mayo de 2011,"Muestra fotográfica en blanco y negro por estudiantes de 3 semestre, catedra de semiología dictada por Rafael Ayala Sáenz en la Fundación Universitaria los Libertadores. Mayo 2010.",Memorias fotográficas; Muestra fotográfica; Rafael Ayala Sáenz; Catedra de semiología; Fundación Universitaria los Libertadores; Muestra fotográfica en blanco y negro; Filminuto,,"Bogotá, Colombia","47,125,798","-74,085,045",Fundación Universitaria Los Libertadores,https://youtu.be/BPe13iCUssg,MovingImage,video/mp4,anaparra_culturaestudiantil.mp4,BPe13iCUssg
andresarguellogarcia_kiss colombia,Kiss Colombia - Andrés Argüello García,Rafael Ayala Saénz,Estudiantes de tercer semestre para la catedra de semiología,2010-7,mayo de 2012,"Muestra fotográfica en blanco y negro por estudiantes de 3 semestre, catedra de semiología dictada por Rafael Ayala Sáenz en la Fundación Universitaria los Libertadores. Mayo 2010.",Memorias fotográficas; Muestra fotográfica; Rafael Ayala Sáenz; Catedra de semiología; Fundación Universitaria los Libertadores; Muestra fotográfica en blanco y negro; Filminuto,,"Bogotá, Colombia","47,125,798","-74,085,045",Fundación Universitaria Los Libertadores,https://youtu.be/HAKXD0NZkF0,MovingImage,video/mp4,andresarguellogarcia_kiss colombia.mp4,HAKXD0NZkF0
carlosmurillo_proximaparada,Próxima parada - Carlos Murillo,Rafael Ayala Saénz,Estudiantes de tercer semestre para la catedra de semiología,2010-8,mayo de 2013,"Muestra fotográfica en blanco y negro por estudiantes de 3 semestre, catedra de semiología dictada por Rafael Ayala Sáenz en la Fundación Universitaria los Libertadores. Mayo 2010.",Memorias fotográficas; Muestra fotográfica; Rafael Ayala Sáenz; Catedra de semiología; Fundación Universitaria los Libertadores; Muestra fotográfica en blanco y negro; Filminuto,,"Bogotá, Colombia","47,125,798","-74,085,045",Fundación Universitaria Los Libertadores,https://youtu.be/O4yBxoTFHUw,MovingImage,video/mp4,carlosmurillo_proximaparada.mp4,O4yBxoTFHUw
claudiabenavides_aprendiendoaserpadres,Aprendiendo a ser padres - Claudia Benavides,Rafael Ayala Saénz,Estudiantes de tercer semestre para la catedra de semiología,2010-9,mayo de 2014,"Muestra fotográfica en blanco y negro por estudiantes de 3 semestre, catedra de semiología dictada por Rafael Ayala Sáenz en la Fundación Universitaria los Libertadores. Mayo 2010.",Memorias fotográficas; Muestra fotográfica; Rafael Ayala Sáenz; Catedra de semiología; Fundación Universitaria los Libertadores; Muestra fotográfica en blanco y negro; Filminuto,,"Bogotá, Colombia","47,125,798","-74,085,045",Fundación Universitaria Los Libertadores,https://youtu.be/74Q7JaB6L5I,MovingImage,video/mp4,claudiabenavides_aprendiendoaserpadres.mp4,74Q7JaB6L5I
dianafranco_cementerio,Cementerio - Diana Franco,Rafael Ayala Saénz,Estudiantes de tercer semestre para la catedra de semiología,2010-10,mayo de 2015,"Muestra fotográfica en blanco y negro por estudiantes de 3 semestre, catedra de semiología dictada por Rafael Ayala Sáenz en la Fundación Universitaria los Libertadores. Mayo 2010.",Memorias fotográficas; Muestra fotográfica; Rafael Ayala Sáenz; Catedra de semiología; Fundación Universitaria los Libertadores; Muestra fotográfica en blanco y negro; Filminuto,,"Bogotá, Colombia","47,125,798","-74,085,045",Fundación Universitaria Los Libertadores,https://youtu.be/-vMYHjeXjgQ,MovingImage,video/mp4,dianafranco_cementerio.mp4,-vMYHjeXjgQ
drogadiccionenlajuventud_alexandralaverde,Drogadicción en la juventud - Alexandra Laverde,Rafael Ayala Saénz,Estudiantes de tercer semestre para la catedra de semiología,2010-11,mayo de 2016,"Muestra fotográfica en blanco y negro por estudiantes de 3 semestre, catedra de semiología dictada por Rafael Ayala Sáenz en la Fundación Universitaria los Libertadores. Mayo 2010.",Memorias fotográficas; Muestra fotográfica; Rafael Ayala Sáenz; Catedra de semiología; Fundación Universitaria los Libertadores; Muestra fotográfica en blanco y negro; Filminuto,,"Bogotá, Colombia","47,125,798","-74,085,045",Fundación Universitaria Los Libertadores,https://youtu.be/mIOIT_WTeXM,MovingImage,video/mp4,drogadiccionenlajuventud_alexandralaverde.mp4,mIOIT_WTeXM
estebangonzales-adondequieresirhoy,¿A dónde quieres ir hoy? - Esteban Gonzales,Rafael Ayala Saénz,Estudiantes de tercer semestre para la catedra de semiología,2010-12,mayo de 2017,"Muestra fotográfica en blanco y negro por estudiantes de 3 semestre, catedra de semiología dictada por Rafael Ayala Sáenz en la Fundación Universitaria los Libertadores. Mayo 2010.",Memorias fotográficas; Muestra fotográfica; Rafael Ayala Sáenz; Catedra de semiología; Fundación Universitaria los Libertadores; Muestra fotográfica en blanco y negro; Filminuto,,"Bogotá, Colombia","47,125,798","-74,085,045",Fundación Universitaria Los Libertadores,https://youtu.be/ULOfntx4Lso,MovingImage,video/mp4,estebangonzales-adondequieresirhoy.mp4,ULOfntx4Lso
farranda_nataliarodriguez,Farranda - Natalia Rodríguez,Rafael Ayala Saénz,Estudiantes de tercer semestre para la catedra de semiología,2010-13,mayo de 2018,"Muestra fotográfica en blanco y negro por estudiantes de 3 semestre, catedra de semiología dictada por Rafael Ayala Sáenz en la Fundación Universitaria los Libertadores. Mayo 2010.",Memorias fotográficas; Muestra fotográfica; Rafael Ayala Sáenz; Catedra de semiología; Fundación Universitaria los Libertadores; Muestra fotográfica en blanco y negro; Filminuto,,"Bogotá, Colombia","47,125,798","-74,085,045",Fundación Universitaria Los Libertadores,https://youtu.be/GHVP1GfczXs,MovingImage,video/mp4,farranda_nataliarodriguez.mp4,GHVP1GfczXs
gabriellozano_pasionfutbolera,Pasión futbolera - Gabriel Lozano,Rafael Ayala Saénz,Estudiantes de tercer semestre para la catedra de semiología,2010-14,mayo de 2019,"Muestra fotográfica en blanco y negro por estudiantes de 3 semestre, catedra de semiología dictada por Rafael Ayala Sáenz en la Fundación Universitaria los Libertadores. Mayo 2010.",Memorias fotográficas; Muestra fotográfica; Rafael Ayala Sáenz; Catedra de semiología; Fundación Universitaria los Libertadores; Muestra fotográfica en blanco y negro; Filminuto,,"Bogotá, Colombia","47,125,798","-74,085,045",Fundación Universitaria Los Libertadores,https://youtu.be/nP9GBsm1FWU,MovingImage,video/mp4,gabriellozano_pasionfutbolera.mp4,nP9GBsm1FWU
harrymanlinares_granestacion,Gran estación - Harry Manlinares,Rafael Ayala Saénz,Estudiantes de tercer semestre para la catedra de semiología,2010-15,mayo de 2020,"Muestra fotográfica en blanco y negro por estudiantes de 3 semestre, catedra de semiología dictada por Rafael Ayala Sáenz en la Fundación Universitaria los Libertadores. Mayo 2010.",Memorias fotográficas; Muestra fotográfica; Rafael Ayala Sáenz; Catedra de semiología; Fundación Universitaria los Libertadores; Muestra fotográfica en blanco y negro; Filminuto,,"Bogotá, Colombia","47,125,798","-74,085,045",Fundación Universitaria Los Libertadores,https://youtu.be/RtXGO4_cqKA,MovingImage,video/mp4,harrymanlinares_granestacion.mp4,RtXGO4_cqKA
hernanulloa_weed,Weed - Hernán Ulloa,Rafael Ayala Saénz,Estudiantes de tercer semestre para la catedra de semiología,2010-16,mayo de 2021,"Muestra fotográfica en blanco y negro por estudiantes de 3 semestre, catedra de semiología dictada por Rafael Ayala Sáenz en la Fundación Universitaria los Libertadores. Mayo 2010.",Memorias fotográficas; Muestra fotográfica; Rafael Ayala Sáenz; Catedra de semiología; Fundación Universitaria los Libertadores; Muestra fotográfica en blanco y negro; Filminuto,,"Bogotá, Colombia","47,125,798","-74,085,045",Fundación Universitaria Los Libertadores,https://youtu.be/e3C2Sq6Ivlg,MovingImage,video/mp4,hernanulloa_weed.mp4,e3C2Sq6Ivlg
ingridmejia_parqueparatodos,Parque para todos - Ingrid Mejía,Rafael Ayala Saénz,Estudiantes de tercer semestre para la catedra de semiología,2010-17,mayo de 2022,"Muestra fotográfica en blanco y negro por estudiantes de 3 semestre, catedra de semiología dictada por Rafael Ayala Sáenz en la Fundación Universitaria los Libertadores. Mayo 2010.",Memorias fotográficas; Muestra fotográfica; Rafael Ayala Sáenz; Catedra de semiología; Fundación Universitaria los Libertadores; Muestra fotográfica en blanco y negro; Filminuto,,"Bogotá, Colombia","47,125,798","-74,085,045",Fundación Universitaria Los Libertadores,https://youtu.be/yT6-WVAL9w4,MovingImage,video/mp4,ingridmejia_parqueparatodos.mp4,yT6-WVAL9w4
johanacorrea_cuenteros,Cuenteros - Johana Correa,Rafael Ayala Saénz,Estudiantes de tercer semestre para la catedra de semiología,2010-18,mayo de 2023,"Muestra fotográfica en blanco y negro por estudiantes de 3 semestre, catedra de semiología dictada por Rafael Ayala Sáenz en la Fundación Universitaria los Libertadores. Mayo 2010.",Memorias fotográficas; Muestra fotográfica; Rafael Ayala Sáenz; Catedra de semiología; Fundación Universitaria los Libertadores; Muestra fotográfica en blanco y negro; Filminuto,,"Bogotá, Colombia","47,125,798","-74,085,045",Fundación Universitaria Los Libertadores,https://youtu.be/c-jR6QGPqDs,MovingImage,video/mp4,johanacorrea_cuenteros.mp4,c-jR6QGPqDs
karencruz_moda,Moda - Karen Cruz,Rafael Ayala Saénz,Estudiantes de tercer semestre para la catedra de semiología,2010-19,mayo de 2024,"Muestra fotográfica en blanco y negro por estudiantes de 3 semestre, catedra de semiología dictada por Rafael Ayala Sáenz en la Fundación Universitaria los Libertadores. Mayo 2010.",Memorias fotográficas; Muestra fotográfica; Rafael Ayala Sáenz; Catedra de semiología; Fundación Universitaria los Libertadores; Muestra fotográfica en blanco y negro; Filminuto,,"Bogotá, Colombia","47,125,798","-74,085,045",Fundación Universitaria Los Libertadores,https://youtu.be/15880TVLT3A,MovingImage,video/mp4,karencruz_moda.mp4,15880TVLT3A
karentorres_adrenalinaalmaximo,Adrenalina al máximo - Karen Torres,Rafael Ayala Saénz,Estudiantes de tercer semestre para la catedra de semiología,2010-20,mayo de 2025,"Muestra fotográfica en blanco y negro por estudiantes de 3 semestre, catedra de semiología dictada por Rafael Ayala Sáenz en la Fundación Universitaria los Libertadores. Mayo 2010.",Memorias fotográficas; Muestra fotográfica; Rafael Ayala Sáenz; Catedra de semiología; Fundación Universitaria los Libertadores; Muestra fotográfica en blanco y negro; Filminuto,,"Bogotá, Colombia","47,125,798","-74,085,045",Fundación Universitaria Los Libertadores,https://youtu.be/wX_KQTRfr9I,MovingImage,video/mp4,karentorres_adrenalinaalmaximo.mp4,wX_KQTRfr9I
kevinrubiano,Semiología - Kevin Rubiano,Rafael Ayala Saénz,Estudiantes de tercer semestre para la catedra de semiología,2010-21,mayo de 2026,"Muestra fotográfica en blanco y negro por estudiantes de 3 semestre, catedra de semiología dictada por Rafael Ayala Sáenz en la Fundación Universitaria los Libertadores. Mayo 2010.",Memorias fotográficas; Muestra fotográfica; Rafael Ayala Sáenz; Catedra de semiología; Fundación Universitaria los Libertadores; Muestra fotográfica en blanco y negro; Filminuto,,"Bogotá, Colombia","47,125,798","-74,085,045",Fundación Universitaria Los Libertadores,https://youtu.be/llaeRSkUBGg,MovingImage,video/mp4,kevinrubiano.mp4,llaeRSkUBGg
leilatriana_enmimundodecristal,En mi mundo de cristal - Leila Triana,Rafael Ayala Saénz,Estudiantes de tercer semestre para la catedra de semiología,2010-22,mayo de 2027,"Muestra fotográfica en blanco y negro por estudiantes de 3 semestre, catedra de semiología dictada por Rafael Ayala Sáenz en la Fundación Universitaria los Libertadores. Mayo 2010.",Memorias fotográficas; Muestra fotográfica; Rafael Ayala Sáenz; Catedra de semiología; Fundación Universitaria los Libertadores; Muestra fotográfica en blanco y negro; Filminuto,,"Bogotá, Colombia","47,125,798","-74,085,045",Fundación Universitaria Los Libertadores,https://youtu.be/Yu_hi1rybUI,MovingImage,video/mp4,leilatriana_enmimundodecristal.mp4,Yu_hi1rybUI
lilianrico_culturumba,Culturumba - Lilian Rico,Rafael Ayala Saénz,Estudiantes de tercer semestre para la catedra de semiología,2010-23,mayo de 2028,"Muestra fotográfica en blanco y negro por estudiantes de 3 semestre, catedra de semiología dictada por Rafael Ayala Sáenz en la Fundación Universitaria los Libertadores. Mayo 2010.",Memorias fotográficas; Muestra fotográfica; Rafael Ayala Sáenz; Catedra de semiología; Fundación Universitaria los Libertadores; Muestra fotográfica en blanco y negro; Filminuto,,"Bogotá, Colombia","47,125,798","-74,085,045",Fundación Universitaria Los Libertadores,https://youtu.be/g2p73mG4wE4,MovingImage,video/mp4,lilianrico_culturumba.mp4,g2p73mG4wE4
lizethrivera_skateboarding,Skateboarding - Lizeth Rivera,Rafael Ayala Saénz,Estudiantes de tercer semestre para la catedra de semiología,2010-24,mayo de 2029,"Muestra fotográfica en blanco y negro por estudiantes de 3 semestre, catedra de semiología dictada por Rafael Ayala Sáenz en la Fundación Universitaria los Libertadores. Mayo 2010.",Memorias fotográficas; Muestra fotográfica; Rafael Ayala Sáenz; Catedra de semiología; Fundación Universitaria los Libertadores; Muestra fotográfica en blanco y negro; Filminuto,,"Bogotá, Colombia","47,125,798","-74,085,045",Fundación Universitaria Los Libertadores,https://youtu.be/7Or47dmOEuw,MovingImage,video/mp4,lizethrivera_skateboarding.mp4,7Or47dmOEuw
lorenzopinzon_simplementemusica,Simplemente música - Lorenzo Pinzón,Rafael Ayala Saénz,Estudiantes de tercer semestre para la catedra de semiología,2010-25,mayo de 2030,"Muestra fotográfica en blanco y negro por estudiantes de 3 semestre, catedra de semiología dictada por Rafael Ayala Sáenz en la Fundación Universitaria los Libertadores. Mayo 2010.",Memorias fotográficas; Muestra fotográfica; Rafael Ayala Sáenz; Catedra de semiología; Fundación Universitaria los Libertadores; Muestra fotográfica en blanco y negro; Filminuto,,"Bogotá, Colombia","47,125,798","-74,085,045",Fundación Universitaria Los Libertadores,https://youtu.be/1R9iMlGkesY,MovingImage,video/mp4,lorenzopinzon_simplementemusica.mp4,1R9iMlGkesY
luzsanchez_piquesenbogota,Piques en Bogotá - Luz Sánchez,Rafael Ayala Saénz,Estudiantes de tercer semestre para la catedra de semiología,2010-26,mayo de 2031,"Muestra fotográfica en blanco y negro por estudiantes de 3 semestre, catedra de semiología dictada por Rafael Ayala Sáenz en la Fundación Universitaria los Libertadores. Mayo 2010.",Memorias fotográficas; Muestra fotográfica; Rafael Ayala Sáenz; Catedra de semiología; Fundación Universitaria los Libertadores; Muestra fotográfica en blanco y negro; Filminuto,,"Bogotá, Colombia","47,125,798","-74,085,045",Fundación Universitaria Los Libertadores,https://youtu.be/7tONln3BPMs,MovingImage,video/mp4,luzsanchez_piquesenbogota.mp4,7tONln3BPMs
monicacuervo_barestotal,Bares total - Mónica Cuervo,Rafael Ayala Saénz,Estudiantes de tercer semestre para la catedra de semiología,2010-27,mayo de 2032,"Muestra fotográfica en blanco y negro por estudiantes de 3 semestre, catedra de semiología dictada por Rafael Ayala Sáenz en la Fundación Universitaria los Libertadores. Mayo 2010.",Memorias fotográficas; Muestra fotográfica; Rafael Ayala Sáenz; Catedra de semiología; Fundación Universitaria los Libertadores; Muestra fotográfica en blanco y negro; Filminuto,,"Bogotá, Colombia","47,125,798","-74,085,045",Fundación Universitaria Los Libertadores,https://youtu.be/Xm0dOPbVKNI,MovingImage,video/mp4,monicacuervo_barestotal.mp4,Xm0dOPbVKNI
monicalaiton_mariachis,Mariachis - Mónica Laiton,Rafael Ayala Saénz,Estudiantes de tercer semestre para la catedra de semiología,2010-28,mayo de 2033,"Muestra fotográfica en blanco y negro por estudiantes de 3 semestre, catedra de semiología dictada por Rafael Ayala Sáenz en la Fundación Universitaria los Libertadores. Mayo 2010.",Memorias fotográficas; Muestra fotográfica; Rafael Ayala Sáenz; Catedra de semiología; Fundación Universitaria los Libertadores; Muestra fotográfica en blanco y negro; Filminuto,,"Bogotá, Colombia","47,125,798","-74,085,045",Fundación Universitaria Los Libertadores,https://youtu.be/54cBf88JzGQ,MovingImage,video/mp4,monicalaiton_mariachis.mp4,54cBf88JzGQ
nathalylopez_robocop,Robocop - Nathaly López,Rafael Ayala Saénz,Estudiantes de tercer semestre para la catedra de semiología,2010-29,mayo de 2034,"Muestra fotográfica en blanco y negro por estudiantes de 3 semestre, catedra de semiología dictada por Rafael Ayala Sáenz en la Fundación Universitaria los Libertadores. Mayo 2010.",Memorias fotográficas; Muestra fotográfica; Rafael Ayala Sáenz; Catedra de semiología; Fundación Universitaria los Libertadores; Muestra fotográfica en blanco y negro; Filminuto,,"Bogotá, Colombia","47,125,798","-74,085,045",Fundación Universitaria Los Libertadores,https://youtu.be/-Uj0P1VoZS8,MovingImage,video/mp4,nathalylopez_robocop.mp4,-Uj0P1VoZS8
paolapineda_aficionalrock,Afición al rock - Paola Pineda,Rafael Ayala Saénz,Estudiantes de tercer semestre para la catedra de semiología,2010-30,mayo de 2035,"Muestra fotográfica en blanco y negro por estudiantes de 3 semestre, catedra de semiología dictada por Rafael Ayala Sáenz en la Fundación Universitaria los Libertadores. Mayo 2010.",Memorias fotográficas; Muestra fotográfica; Rafael Ayala Sáenz; Catedra de semiología; Fundación Universitaria los Libertadores; Muestra fotográfica en blanco y negro; Filminuto,,"Bogotá, Colombia","47,125,798","-74,085,045",Fundación Universitaria Los Libertadores,https://youtu.be/Dl9X92XU1gc,MovingImage,video/mp4,paolapineda_aficionalrock.mp4,Dl9X92XU1gc
paulavela_culturarasta,Cultura rasta - Paula Vela,Rafael Ayala Saénz,Estudiantes de tercer semestre para la catedra de semiología,2010-31,mayo de 2036,"Muestra fotográfica en blanco y negro por estudiantes de 3 semestre, catedra de semiología dictada por Rafael Ayala Sáenz en la Fundación Universitaria los Libertadores. Mayo 2010.",Memorias fotográficas; Muestra fotográfica; Rafael Ayala Sáenz; Catedra de semiología; Fundación Universitaria los Libertadores; Muestra fotográfica en blanco y negro; Filminuto,,"Bogotá, Colombia","47,125,798","-74,085,045",Fundación Universitaria Los Libertadores,https://youtu.be/TtWI8EYnM8E,MovingImage,video/mp4,paulavela_culturarasta.mp4,TtWI8EYnM8E
renepatino_verano,Verano - René Patiño,Rafael Ayala Saénz,Estudiantes de tercer semestre para la catedra de semiología,2010-32,mayo de 2037,"Muestra fotográfica en blanco y negro por estudiantes de 3 semestre, catedra de semiología dictada por Rafael Ayala Sáenz en la Fundación Universitaria los Libertadores. Mayo 2010.",Memorias fotográficas; Muestra fotográfica; Rafael Ayala Sáenz; Catedra de semiología; Fundación Universitaria los Libertadores; Muestra fotográfica en blanco y negro; Filminuto,,"Bogotá, Colombia","47,125,798","-74,085,045",Fundación Universitaria Los Libertadores,https://youtu.be/df5q0vkMcSg,MovingImage,video/mp4,renepatino_verano.mp4,df5q0vkMcSg
roberthanssen_parquelaflorida,Parque La Florida - Robert Hanssen,Rafael Ayala Saénz,Estudiantes de tercer semestre para la catedra de semiología,2010-33,mayo de 2038,"Muestra fotográfica en blanco y negro por estudiantes de 3 semestre, catedra de semiología dictada por Rafael Ayala Sáenz en la Fundación Universitaria los Libertadores. Mayo 2010.",Memorias fotográficas; Muestra fotográfica; Rafael Ayala Sáenz; Catedra de semiología; Fundación Universitaria los Libertadores; Muestra fotográfica en blanco y negro; Filminuto,,"Bogotá, Colombia","47,125,798","-74,085,045",Fundación Universitaria Los Libertadores,https://youtu.be/dqWrwqiAmcA,MovingImage,video/mp4,roberthanssen_parquelaflorida.mp4,dqWrwqiAmcA
sandraforero_2sobreruedas,2 sobre ruedas - Sandra Forero,Rafael Ayala Saénz,Estudiantes de tercer semestre para la catedra de semiología,2010-34,mayo de 2039,"Muestra fotográfica en blanco y negro por estudiantes de 3 semestre, catedra de semiología dictada por Rafael Ayala Sáenz en la Fundación Universitaria los Libertadores. Mayo 2010.",Memorias fotográficas; Muestra fotográfica; Rafael Ayala Sáenz; Catedra de semiología; Fundación Universitaria los Libertadores; Muestra fotográfica en blanco y negro; Filminuto,,"Bogotá, Colombia","47,125,798","-74,085,045",Fundación Universitaria Los Libertadores,https://youtu.be/-eioIC3RMbE,MovingImage,video/mp4,sandraforero_2sobreruedas.mp4,-eioIC3RMbE
veronicagonzalesgomez_culturaflogger,Cultura flogger - Verónica Gonzales Gómez,Rafael Ayala Saénz,Estudiantes de tercer semestre para la catedra de semiología,2010-35,mayo de 2040,"Muestra fotográfica en blanco y negro por estudiantes de 3 semestre, catedra de semiología dictada por Rafael Ayala Sáenz en la Fundación Universitaria los Libertadores. Mayo 2010.",Memorias fotográficas; Muestra fotográfica; Rafael Ayala Sáenz; Catedra de semiología; Fundación Universitaria los Libertadores; Muestra fotográfica en blanco y negro; Filminuto,,"Bogotá, Colombia","47,125,798","-74,085,045",Fundación Universitaria Los Libertadores,https://youtu.be/9qYIHaRNw34,MovingImage,video/mp4,veronicagonzalesgomez_culturaflogger.mp4,9qYIHaRNw34
vivianatorres_skaters,Skaters - Viviana Torres,Rafael Ayala Saénz,Estudiantes de tercer semestre para la catedra de semiología,2010-36,mayo de 2041,"Muestra fotográfica en blanco y negro por estudiantes de 3 semestre, catedra de semiología dictada por Rafael Ayala Sáenz en la Fundación Universitaria los Libertadores. Mayo 2010.",Memorias fotográficas; Muestra fotográfica; Rafael Ayala Sáenz; Catedra de semiología; Fundación Universitaria los Libertadores; Muestra fotográfica en blanco y negro; Filminuto,,"Bogotá, Colombia","47,125,798","-74,085,045",Fundación Universitaria Los Libertadores,https://youtu.be/1WWku4Lyje8,MovingImage,video/mp4,vivianatorres_skaters.mp4,1WWku4Lyje8
yoyaherrera_fashion,Fashion - Yoya Herrera,Rafael Ayala Saénz,Estudiantes de tercer semestre para la catedra de semiología,2010-37,mayo de 2042,"Muestra fotográfica en blanco y negro por estudiantes de 3 semestre, catedra de semiología dictada por Rafael Ayala Sáenz en la Fundación Universitaria los Libertadores. Mayo 2010.",Memorias fotográficas; Muestra fotográfica; Rafael Ayala Sáenz; Catedra de semiología; Fundación Universitaria los Libertadores; Muestra fotográfica en blanco y negro; Filminuto,,"Bogotá, Colombia","47,125,798","-74,085,045",Fundación Universitaria Los Libertadores,https://youtu.be/WtSwn53cRu0,MovingImage,video/mp4,yoyaherrera_fashion.mp4,WtSwn53cRu0
yurisosa_bardereggae,Bar de reggae - Yuri Sosa,Rafael Ayala Saénz,Estudiantes de tercer semestre para la catedra de semiología,2010-38,mayo de 2043,"Muestra fotográfica en blanco y negro por estudiantes de 3 semestre, catedra de semiología dictada por Rafael Ayala Sáenz en la Fundación Universitaria los Libertadores. Mayo 2010.",Memorias fotográficas; Muestra fotográfica; Rafael Ayala Sáenz; Catedra de semiología; Fundación Universitaria los Libertadores; Muestra fotográfica en blanco y negro; Filminuto,,"Bogotá, Colombia","47,125,798","-74,085,045",Fundación Universitaria Los Libertadores,https://youtu.be/0PhANaJy9mc,MovingImage,video/mp4,yurisosa_bardereggae.mp4,0PhANaJy9mc
